<metadata xml:lang="es"><Esri><CreaDate>20220830</CreaDate><CreaTime>17462300</CreaTime><ArcGISFormat>1.0</ArcGISFormat><ArcGISstyle>FGDC CSDGM Metadata</ArcGISstyle><SyncOnce>FALSE</SyncOnce><DataProperties><lineage><Process ToolSource="c:\program files (x86)\arcgis\desktop10.1\ArcToolbox\Toolboxes\Data Management Tools.tbx\TruncateTable" Date="20160331" Time="111035">TruncateTable "D:\Contenedor PINZON\Trabajo\2016\01 MR\MR_V.03.16\04 Base de Datos\MR_0316.gdb\Area_Planeamiento\UPla"</Process><Process ToolSource="c:\program files (x86)\arcgis\desktop10.1\ArcToolbox\Toolboxes\Data Management Tools.tbx\TruncateTable" Date="20160722" Time="143150">TruncateTable "D:\Contenedor PINZON\Trabajo\2016\01 MR\MR_V.06.16\06 base de datos\MR_0616.gdb\Area_Planeamiento\UPla"</Process><Process ToolSource="c:\program files (x86)\arcgis\desktop10.1\ArcToolbox\Toolboxes\Data Management Tools.tbx\TruncateTable" Date="20161019" Time="114639">TruncateTable "D:\Contenedor PINZON\Trabajo\2016\01 MR\MR_V.09.16\06Datos\MR_0916.gdb\Area_Planeamiento\UPla"</Process><Process ToolSource="c:\arcgis\desktop10.4\ArcToolbox\Toolboxes\Data Management Tools.tbx\TruncateTable" Date="20170328" Time="080928">TruncateTable D:\Contenedor\Users\mbernate\Desktop\MR\MR_0317.gdb\Area_Planeamiento\UPla</Process><Process ToolSource="c:\arcgis\desktop10.4\ArcToolbox\Toolboxes\Data Management Tools.tbx\Append" Date="20170328" Time="081242">Append D:\Contenedor\Users\mbernate\Desktop\MR\SDP\Entidad_Territorial_y_Unidad_Administrativa_mgn.gdb\AREA_PLANEAMIENTO\Unidad_planeamiento UPla NO_TEST "UPlCodigo "Identificador unico de la unidad de planeamiento" true true false 50 Text 0 0 ,First,#,D:\Contenedor\Users\mbernate\Desktop\MR\SDP\Entidad_Territorial_y_Unidad_Administrativa_mgn.gdb\AREA_PLANEAMIENTO\Unidad_planeamiento,UPlCodigo,-1,-1;UPlTipo "Tipo de unidad de planeamiento" true true false 4 Long 0 0 ,First,#,D:\Contenedor\Users\mbernate\Desktop\MR\SDP\Entidad_Territorial_y_Unidad_Administrativa_mgn.gdb\AREA_PLANEAMIENTO\Unidad_planeamiento,UPlTipo,-1,-1;UPlNombre "Nombre de la unidad de planeamiento" true true false 50 Text 0 0 ,First,#,D:\Contenedor\Users\mbernate\Desktop\MR\SDP\Entidad_Territorial_y_Unidad_Administrativa_mgn.gdb\AREA_PLANEAMIENTO\Unidad_planeamiento,UPlNombre,-1,-1;UPlAAdmini "Acto administrativo de la unidad de planeamiento" true true false 250 Text 0 0 ,First,#,D:\Contenedor\Users\mbernate\Desktop\MR\SDP\Entidad_Territorial_y_Unidad_Administrativa_mgn.gdb\AREA_PLANEAMIENTO\Unidad_planeamiento,UPlAAdmin,-1,-1;UPlArea "Area de la unidad de planeamiento" true true false 8 Double 0 0 ,First,#,D:\Contenedor\Users\mbernate\Desktop\MR\SDP\Entidad_Territorial_y_Unidad_Administrativa_mgn.gdb\AREA_PLANEAMIENTO\Unidad_planeamiento,UPlArea,-1,-1;SHAPE_Length "SHAPE_Length" false true true 8 Double 0 0 ,First,#,D:\Contenedor\Users\mbernate\Desktop\MR\SDP\Entidad_Territorial_y_Unidad_Administrativa_mgn.gdb\AREA_PLANEAMIENTO\Unidad_planeamiento,SHAPE_Length,-1,-1;SHAPE_Area "SHAPE_Area" false true true 8 Double 0 0 ,First,#,D:\Contenedor\Users\mbernate\Desktop\MR\SDP\Entidad_Territorial_y_Unidad_Administrativa_mgn.gdb\AREA_PLANEAMIENTO\Unidad_planeamiento,SHAPE_Area,-1,-1" #</Process><Process ToolSource="c:\arcgis\desktop10.4\ArcToolbox\Toolboxes\Data Management Tools.tbx\TruncateTable" Date="20170328" Time="085415">TruncateTable D:\Contenedor\Users\mbernate\Desktop\MR\MR_0317.gdb\Area_Planeamiento\UPla</Process><Process ToolSource="c:\arcgis\desktop10.4\ArcToolbox\Toolboxes\Data Management Tools.tbx\Append" Date="20170328" Time="085443">Append D:\Contenedor\Users\mbernate\Desktop\MR\SDP\Entidad_Territorial_y_Unidad_Administrativa_mgn.gdb\AREA_PLANEAMIENTO\Unidad_planeamiento UPla NO_TEST "UPlCodigo "Identificador unico de la unidad de planeamiento" true true false 50 Text 0 0 ,First,#,D:\Contenedor\Users\mbernate\Desktop\MR\SDP\Entidad_Territorial_y_Unidad_Administrativa_mgn.gdb\AREA_PLANEAMIENTO\Unidad_planeamiento,UPlCodigo,-1,-1;UPlTipo "Tipo de unidad de planeamiento" true true false 4 Long 0 0 ,First,#,D:\Contenedor\Users\mbernate\Desktop\MR\SDP\Entidad_Territorial_y_Unidad_Administrativa_mgn.gdb\AREA_PLANEAMIENTO\Unidad_planeamiento,UPlTipo,-1,-1;UPlNombre "Nombre de la unidad de planeamiento" true true false 50 Text 0 0 ,First,#,D:\Contenedor\Users\mbernate\Desktop\MR\SDP\Entidad_Territorial_y_Unidad_Administrativa_mgn.gdb\AREA_PLANEAMIENTO\Unidad_planeamiento,UPlNombre,-1,-1;UPlAAdmini "Acto administrativo de la unidad de planeamiento" true true false 250 Text 0 0 ,First,#,D:\Contenedor\Users\mbernate\Desktop\MR\SDP\Entidad_Territorial_y_Unidad_Administrativa_mgn.gdb\AREA_PLANEAMIENTO\Unidad_planeamiento,UPlAAdmin,-1,-1;UPlArea "Area de la unidad de planeamiento" true true false 8 Double 0 0 ,First,#,D:\Contenedor\Users\mbernate\Desktop\MR\SDP\Entidad_Territorial_y_Unidad_Administrativa_mgn.gdb\AREA_PLANEAMIENTO\Unidad_planeamiento,UPlArea,-1,-1;SHAPE_Length "SHAPE_Length" false true true 8 Double 0 0 ,First,#,D:\Contenedor\Users\mbernate\Desktop\MR\SDP\Entidad_Territorial_y_Unidad_Administrativa_mgn.gdb\AREA_PLANEAMIENTO\Unidad_planeamiento,SHAPE_Length,-1,-1;SHAPE_Area "SHAPE_Area" false true true 8 Double 0 0 ,First,#,D:\Contenedor\Users\mbernate\Desktop\MR\SDP\Entidad_Territorial_y_Unidad_Administrativa_mgn.gdb\AREA_PLANEAMIENTO\Unidad_planeamiento,SHAPE_Area,-1,-1" #</Process><Process ToolSource="c:\arcgis\desktop10.4\ArcToolbox\Toolboxes\Data Management Tools.tbx\TruncateTable" Date="20170403" Time="153925">TruncateTable "D:\MaríaBernate2013\2017\Mapa de Referencia\MR_0317\Migración\MR_0317.gdb\Area_Planeamiento\UPla"</Process><Process ToolSource="c:\arcgis\desktop10.4\ArcToolbox\Toolboxes\Data Management Tools.tbx\Append" Date="20170403" Time="154200">Append 'D:\MaríaBernate2013\2017\Mapa de Referencia\MR_0317\Entidades\SDP\Entidad_Territorial_y_Unidad_Administrativa_mgn.gdb\AREA_PLANEAMIENTO\Unidad_planeamiento' UPla NO_TEST "UPlCodigo "Identificador unico de la unidad de planeamiento" true true false 50 Text 0 0 ,First,#,D:\MaríaBernate2013\2017\Mapa de Referencia\MR_0317\Entidades\SDP\Entidad_Territorial_y_Unidad_Administrativa_mgn.gdb\AREA_PLANEAMIENTO\Unidad_planeamiento,UPlCodigo,-1,-1;UPlTipo "Tipo de unidad de planeamiento" true true false 4 Long 0 0 ,First,#,D:\MaríaBernate2013\2017\Mapa de Referencia\MR_0317\Entidades\SDP\Entidad_Territorial_y_Unidad_Administrativa_mgn.gdb\AREA_PLANEAMIENTO\Unidad_planeamiento,UPlTipo,-1,-1;UPlNombre "Nombre de la unidad de planeamiento" true true false 50 Text 0 0 ,First,#,D:\MaríaBernate2013\2017\Mapa de Referencia\MR_0317\Entidades\SDP\Entidad_Territorial_y_Unidad_Administrativa_mgn.gdb\AREA_PLANEAMIENTO\Unidad_planeamiento,UPlNombre,-1,-1;UPlAAdmini "Acto administrativo de la unidad de planeamiento" true true false 250 Text 0 0 ,First,#,D:\MaríaBernate2013\2017\Mapa de Referencia\MR_0317\Entidades\SDP\Entidad_Territorial_y_Unidad_Administrativa_mgn.gdb\AREA_PLANEAMIENTO\Unidad_planeamiento,UPlAAdmin,-1,-1;UPlArea "Area de la unidad de planeamiento" true true false 8 Double 0 0 ,First,#,D:\MaríaBernate2013\2017\Mapa de Referencia\MR_0317\Entidades\SDP\Entidad_Territorial_y_Unidad_Administrativa_mgn.gdb\AREA_PLANEAMIENTO\Unidad_planeamiento,UPlArea,-1,-1;SHAPE_Length "SHAPE_Length" false true true 8 Double 0 0 ,First,#,D:\MaríaBernate2013\2017\Mapa de Referencia\MR_0317\Entidades\SDP\Entidad_Territorial_y_Unidad_Administrativa_mgn.gdb\AREA_PLANEAMIENTO\Unidad_planeamiento,SHAPE_Length,-1,-1;SHAPE_Area "SHAPE_Area" false true true 8 Double 0 0 ,First,#,D:\MaríaBernate2013\2017\Mapa de Referencia\MR_0317\Entidades\SDP\Entidad_Territorial_y_Unidad_Administrativa_mgn.gdb\AREA_PLANEAMIENTO\Unidad_planeamiento,SHAPE_Area,-1,-1" #</Process><Process ToolSource="c:\program files (x86)\arcgis\desktop10.7\ArcToolbox\Toolboxes\Conversion Tools.tbx\FeatureClassToFeatureClass" Date="20190927" Time="085419">FeatureClassToFeatureClass R:\DATOS\4_TEMPO_TAREAS\IDECA\ENTREGAS_INFO_PARA_IDECA\ZF_24_09_2019\MR_0619_GEO.gdb\Area_Planeamiento\UPla R:\DATOS\4_TEMPO_TAREAS\IDECA\ENTREGAS_INFO_PARA_IDECA\ZF_24_09_2019\SDP\FormatoSHP UPla.shp # "UPlCodigo "Identificador unico de la unidad de planeamiento" true true false 50 Text 0 0 ,First,#,R:\DATOS\4_TEMPO_TAREAS\IDECA\ENTREGAS_INFO_PARA_IDECA\ZF_24_09_2019\MR_0619_GEO.gdb\Area_Planeamiento\UPla,UPlCodigo,-1,-1;UPlTipo "Tipo de unidad de planeamiento" true true false 4 Long 0 0 ,First,#,R:\DATOS\4_TEMPO_TAREAS\IDECA\ENTREGAS_INFO_PARA_IDECA\ZF_24_09_2019\MR_0619_GEO.gdb\Area_Planeamiento\UPla,UPlTipo,-1,-1;UPlNombre "Nombre de la unidad de planeamiento" true true false 50 Text 0 0 ,First,#,R:\DATOS\4_TEMPO_TAREAS\IDECA\ENTREGAS_INFO_PARA_IDECA\ZF_24_09_2019\MR_0619_GEO.gdb\Area_Planeamiento\UPla,UPlNombre,-1,-1;UPlAAdmini "Acto administrativo de la unidad de planeamiento" true true false 250 Text 0 0 ,First,#,R:\DATOS\4_TEMPO_TAREAS\IDECA\ENTREGAS_INFO_PARA_IDECA\ZF_24_09_2019\MR_0619_GEO.gdb\Area_Planeamiento\UPla,UPlAAdmini,-1,-1;UPlArea "Area de la unidad de planeamiento" true true false 8 Double 0 0 ,First,#,R:\DATOS\4_TEMPO_TAREAS\IDECA\ENTREGAS_INFO_PARA_IDECA\ZF_24_09_2019\MR_0619_GEO.gdb\Area_Planeamiento\UPla,UPlArea,-1,-1;SHAPE_Leng "SHAPE_Leng" false true true 8 Double 0 0 ,First,#,R:\DATOS\4_TEMPO_TAREAS\IDECA\ENTREGAS_INFO_PARA_IDECA\ZF_24_09_2019\MR_0619_GEO.gdb\Area_Planeamiento\UPla,SHAPE_Length,-1,-1;SHAPE_Area "SHAPE_Area" false true true 8 Double 0 0 ,First,#,R:\DATOS\4_TEMPO_TAREAS\IDECA\ENTREGAS_INFO_PARA_IDECA\ZF_24_09_2019\MR_0619_GEO.gdb\Area_Planeamiento\UPla,SHAPE_Area,-1,-1" #</Process><Process ToolSource="c:\program files (x86)\arcgis\desktop10.5\ArcToolbox\Toolboxes\Conversion Tools.tbx\FeatureClassToFeatureClass" Date="20200818" Time="175832">FeatureClassToFeatureClass UPla "D:\Ana Ju\Documents\Ana Julier Fonseca\SDEDUCACIÓN\INFORMACIÓN _G\IDECA\Entrega_14082020\SED2020.gdb\Tasas" Tasa_Desercion_Oficial_UPZ # "UPlCodigo "UPlCodigo" true true false 50 Text 0 0 ,First,#,UPla,UPlCodigo,-1,-1;UPlNombre "UPlNombre" true true false 50 Text 0 0 ,First,#,UPla,UPlNombre,-1,-1" #</Process><Process ToolSource="c:\program files (x86)\arcgis\desktop10.5\ArcToolbox\Toolboxes\Data Management Tools.tbx\CalculateField" Date="20200818" Time="190652">CalculateField "Tasas Escolares\Tasa de Deserción\Tasa_Desercion_Oficial_UPZ" NOMBRE_UPZ [UPlNombre] VB #</Process><Process ToolSource="c:\program files (x86)\arcgis\desktop10.5\ArcToolbox\Toolboxes\Data Management Tools.tbx\CalculateField" Date="20200818" Time="190659">CalculateField "Tasas Escolares\Tasa de Deserción\Tasa_Desercion_Oficial_UPZ" COD_UPZ [UPlCodigo] VB #</Process><Process ToolSource="c:\program files (x86)\arcgis\desktop10.5\ArcToolbox\Toolboxes\Data Management Tools.tbx\CalculateField" Date="20200818" Time="222843">CalculateField "Tasas Escolares\Tasa de Deserción\Tasa_Desercion_Oficial_UPZ" H_Trans "0" VB #</Process><Process ToolSource="c:\program files (x86)\arcgis\desktop10.5\ArcToolbox\Toolboxes\Data Management Tools.tbx\CalculateField" Date="20200818" Time="222848">CalculateField "Tasas Escolares\Tasa de Deserción\Tasa_Desercion_Oficial_UPZ" M_Trans "0" VB #</Process><Process ToolSource="c:\program files (x86)\arcgis\desktop10.5\ArcToolbox\Toolboxes\Data Management Tools.tbx\CalculateField" Date="20200818" Time="222855">CalculateField "Tasas Escolares\Tasa de Deserción\Tasa_Desercion_Oficial_UPZ" H_Primero "0" VB #</Process><Process ToolSource="c:\program files (x86)\arcgis\desktop10.5\ArcToolbox\Toolboxes\Data Management Tools.tbx\CalculateField" Date="20200818" Time="222900">CalculateField "Tasas Escolares\Tasa de Deserción\Tasa_Desercion_Oficial_UPZ" M_Primero "0" VB #</Process><Process ToolSource="c:\program files (x86)\arcgis\desktop10.5\ArcToolbox\Toolboxes\Data Management Tools.tbx\CalculateField" Date="20200818" Time="222904">CalculateField "Tasas Escolares\Tasa de Deserción\Tasa_Desercion_Oficial_UPZ" H_Segundo "0" VB #</Process><Process ToolSource="c:\program files (x86)\arcgis\desktop10.5\ArcToolbox\Toolboxes\Data Management Tools.tbx\CalculateField" Date="20200818" Time="222909">CalculateField "Tasas Escolares\Tasa de Deserción\Tasa_Desercion_Oficial_UPZ" M_Segundo "0" VB #</Process><Process ToolSource="c:\program files (x86)\arcgis\desktop10.5\ArcToolbox\Toolboxes\Data Management Tools.tbx\CalculateField" Date="20200818" Time="222915">CalculateField "Tasas Escolares\Tasa de Deserción\Tasa_Desercion_Oficial_UPZ" H_Tercero "0" VB #</Process><Process ToolSource="c:\program files (x86)\arcgis\desktop10.5\ArcToolbox\Toolboxes\Data Management Tools.tbx\CalculateField" Date="20200818" Time="222920">CalculateField "Tasas Escolares\Tasa de Deserción\Tasa_Desercion_Oficial_UPZ" M_Tercero "0" VB #</Process><Process ToolSource="c:\program files (x86)\arcgis\desktop10.5\ArcToolbox\Toolboxes\Data Management Tools.tbx\CalculateField" Date="20200818" Time="222925">CalculateField "Tasas Escolares\Tasa de Deserción\Tasa_Desercion_Oficial_UPZ" H_Cuarto "0" VB #</Process><Process ToolSource="c:\program files (x86)\arcgis\desktop10.5\ArcToolbox\Toolboxes\Data Management Tools.tbx\CalculateField" Date="20200818" Time="222930">CalculateField "Tasas Escolares\Tasa de Deserción\Tasa_Desercion_Oficial_UPZ" M_Cuarto "0" VB #</Process><Process ToolSource="c:\program files (x86)\arcgis\desktop10.5\ArcToolbox\Toolboxes\Data Management Tools.tbx\CalculateField" Date="20200818" Time="222935">CalculateField "Tasas Escolares\Tasa de Deserción\Tasa_Desercion_Oficial_UPZ" M_Quinto "0" VB #</Process><Process ToolSource="c:\program files (x86)\arcgis\desktop10.5\ArcToolbox\Toolboxes\Data Management Tools.tbx\CalculateField" Date="20200818" Time="222941">CalculateField "Tasas Escolares\Tasa de Deserción\Tasa_Desercion_Oficial_UPZ" H_Quinto "0" VB #</Process><Process ToolSource="c:\program files (x86)\arcgis\desktop10.5\ArcToolbox\Toolboxes\Data Management Tools.tbx\CalculateField" Date="20200818" Time="222946">CalculateField "Tasas Escolares\Tasa de Deserción\Tasa_Desercion_Oficial_UPZ" M_Sexto "0" VB #</Process><Process ToolSource="c:\program files (x86)\arcgis\desktop10.5\ArcToolbox\Toolboxes\Data Management Tools.tbx\CalculateField" Date="20200818" Time="222951">CalculateField "Tasas Escolares\Tasa de Deserción\Tasa_Desercion_Oficial_UPZ" H_Sexto "0" VB #</Process><Process ToolSource="c:\program files (x86)\arcgis\desktop10.5\ArcToolbox\Toolboxes\Data Management Tools.tbx\CalculateField" Date="20200818" Time="222958">CalculateField "Tasas Escolares\Tasa de Deserción\Tasa_Desercion_Oficial_UPZ" H_Septimo "0" VB #</Process><Process ToolSource="c:\program files (x86)\arcgis\desktop10.5\ArcToolbox\Toolboxes\Data Management Tools.tbx\CalculateField" Date="20200818" Time="223003">CalculateField "Tasas Escolares\Tasa de Deserción\Tasa_Desercion_Oficial_UPZ" M_Septimo "0" VB #</Process><Process ToolSource="c:\program files (x86)\arcgis\desktop10.5\ArcToolbox\Toolboxes\Data Management Tools.tbx\CalculateField" Date="20200818" Time="223009">CalculateField "Tasas Escolares\Tasa de Deserción\Tasa_Desercion_Oficial_UPZ" Tmujer_UPZ "0" VB #</Process><Process ToolSource="c:\program files (x86)\arcgis\desktop10.5\ArcToolbox\Toolboxes\Data Management Tools.tbx\CalculateField" Date="20200818" Time="223014">CalculateField "Tasas Escolares\Tasa de Deserción\Tasa_Desercion_Oficial_UPZ" Thombre_UPZ "0" VB #</Process><Process ToolSource="c:\program files (x86)\arcgis\desktop10.5\ArcToolbox\Toolboxes\Data Management Tools.tbx\CalculateField" Date="20200818" Time="223019">CalculateField "Tasas Escolares\Tasa de Deserción\Tasa_Desercion_Oficial_UPZ" M_Acelerac "0" VB #</Process><Process ToolSource="c:\program files (x86)\arcgis\desktop10.5\ArcToolbox\Toolboxes\Data Management Tools.tbx\CalculateField" Date="20200818" Time="223026">CalculateField "Tasas Escolares\Tasa de Deserción\Tasa_Desercion_Oficial_UPZ" H_Octavo "0" VB #</Process><Process ToolSource="c:\program files (x86)\arcgis\desktop10.5\ArcToolbox\Toolboxes\Data Management Tools.tbx\CalculateField" Date="20200818" Time="223032">CalculateField "Tasas Escolares\Tasa de Deserción\Tasa_Desercion_Oficial_UPZ" M_Octavo "0" VB #</Process><Process ToolSource="c:\program files (x86)\arcgis\desktop10.5\ArcToolbox\Toolboxes\Data Management Tools.tbx\CalculateField" Date="20200818" Time="223042">CalculateField "Tasas Escolares\Tasa de Deserción\Tasa_Desercion_Oficial_UPZ" H_Noveno "0" VB #</Process><Process ToolSource="c:\program files (x86)\arcgis\desktop10.5\ArcToolbox\Toolboxes\Data Management Tools.tbx\CalculateField" Date="20200818" Time="223048">CalculateField "Tasas Escolares\Tasa de Deserción\Tasa_Desercion_Oficial_UPZ" M_Once "0" VB #</Process><Process ToolSource="c:\program files (x86)\arcgis\desktop10.5\ArcToolbox\Toolboxes\Data Management Tools.tbx\CalculateField" Date="20200818" Time="223054">CalculateField "Tasas Escolares\Tasa de Deserción\Tasa_Desercion_Oficial_UPZ" H_Acelerac "0" VB #</Process><Process ToolSource="c:\program files (x86)\arcgis\desktop10.5\ArcToolbox\Toolboxes\Data Management Tools.tbx\CalculateField" Date="20200818" Time="223100">CalculateField "Tasas Escolares\Tasa de Deserción\Tasa_Desercion_Oficial_UPZ" H_Decimo "0" VB #</Process><Process ToolSource="c:\program files (x86)\arcgis\desktop10.5\ArcToolbox\Toolboxes\Data Management Tools.tbx\CalculateField" Date="20200818" Time="223106">CalculateField "Tasas Escolares\Tasa de Deserción\Tasa_Desercion_Oficial_UPZ" M_Noveno "0" VB #</Process><Process ToolSource="c:\program files (x86)\arcgis\desktop10.5\ArcToolbox\Toolboxes\Data Management Tools.tbx\CalculateField" Date="20200818" Time="223112">CalculateField "Tasas Escolares\Tasa de Deserción\Tasa_Desercion_Oficial_UPZ" M_Decimo "0" VB #</Process><Process ToolSource="c:\program files (x86)\arcgis\desktop10.5\ArcToolbox\Toolboxes\Data Management Tools.tbx\CalculateField" Date="20200818" Time="223117">CalculateField "Tasas Escolares\Tasa de Deserción\Tasa_Desercion_Oficial_UPZ" H_Once "0" VB #</Process><Process ToolSource="c:\program files (x86)\arcgis\desktop10.8\ArcToolbox\Toolboxes\Data Management Tools.tbx\CalculateField" Date="20220808" Time="151958">CalculateField "Tasa de Deserción\Tasa de Deserción Oficial UPZ" H_Trans "0" VB #</Process><Process ToolSource="c:\program files (x86)\arcgis\desktop10.8\ArcToolbox\Toolboxes\Data Management Tools.tbx\CalculateField" Date="20220808" Time="152003">CalculateField "Tasa de Deserción\Tasa de Deserción Oficial UPZ" M_Trans "0" VB #</Process><Process ToolSource="c:\program files (x86)\arcgis\desktop10.8\ArcToolbox\Toolboxes\Data Management Tools.tbx\CalculateField" Date="20220808" Time="152007">CalculateField "Tasa de Deserción\Tasa de Deserción Oficial UPZ" H_Primero "0" VB #</Process><Process ToolSource="c:\program files (x86)\arcgis\desktop10.8\ArcToolbox\Toolboxes\Data Management Tools.tbx\CalculateField" Date="20220808" Time="152014">CalculateField "Tasa de Deserción\Tasa de Deserción Oficial UPZ" Tmujer_UPZ "0" VB #</Process><Process ToolSource="c:\program files (x86)\arcgis\desktop10.8\ArcToolbox\Toolboxes\Data Management Tools.tbx\CalculateField" Date="20220808" Time="152018">CalculateField "Tasa de Deserción\Tasa de Deserción Oficial UPZ" Thombre_UPZ "0" VB #</Process><Process ToolSource="c:\program files (x86)\arcgis\desktop10.8\ArcToolbox\Toolboxes\Data Management Tools.tbx\CalculateField" Date="20220808" Time="152023">CalculateField "Tasa de Deserción\Tasa de Deserción Oficial UPZ" M_Acelerac "0" VB #</Process><Process ToolSource="c:\program files (x86)\arcgis\desktop10.8\ArcToolbox\Toolboxes\Data Management Tools.tbx\CalculateField" Date="20220808" Time="152029">CalculateField "Tasa de Deserción\Tasa de Deserción Oficial UPZ" H_Acelerac "0" VB #</Process><Process ToolSource="c:\program files (x86)\arcgis\desktop10.8\ArcToolbox\Toolboxes\Data Management Tools.tbx\CalculateField" Date="20220808" Time="152033">CalculateField "Tasa de Deserción\Tasa de Deserción Oficial UPZ" M_Once "0" VB #</Process><Process ToolSource="c:\program files (x86)\arcgis\desktop10.8\ArcToolbox\Toolboxes\Data Management Tools.tbx\CalculateField" Date="20220808" Time="152039">CalculateField "Tasa de Deserción\Tasa de Deserción Oficial UPZ" M_Decimo "0" VB #</Process><Process ToolSource="c:\program files (x86)\arcgis\desktop10.8\ArcToolbox\Toolboxes\Data Management Tools.tbx\CalculateField" Date="20220808" Time="152044">CalculateField "Tasa de Deserción\Tasa de Deserción Oficial UPZ" H_Once "0" VB #</Process><Process ToolSource="c:\program files (x86)\arcgis\desktop10.8\ArcToolbox\Toolboxes\Data Management Tools.tbx\CalculateField" Date="20220808" Time="152050">CalculateField "Tasa de Deserción\Tasa de Deserción Oficial UPZ" H_Decimo "0" VB #</Process><Process ToolSource="c:\program files (x86)\arcgis\desktop10.8\ArcToolbox\Toolboxes\Data Management Tools.tbx\CalculateField" Date="20220808" Time="152054">CalculateField "Tasa de Deserción\Tasa de Deserción Oficial UPZ" M_Noveno "0" VB #</Process><Process ToolSource="c:\program files (x86)\arcgis\desktop10.8\ArcToolbox\Toolboxes\Data Management Tools.tbx\CalculateField" Date="20220808" Time="152101">CalculateField "Tasa de Deserción\Tasa de Deserción Oficial UPZ" M_Octavo "0" VB #</Process><Process ToolSource="c:\program files (x86)\arcgis\desktop10.8\ArcToolbox\Toolboxes\Data Management Tools.tbx\CalculateField" Date="20220808" Time="152105">CalculateField "Tasa de Deserción\Tasa de Deserción Oficial UPZ" H_Noveno "0" VB #</Process><Process ToolSource="c:\program files (x86)\arcgis\desktop10.8\ArcToolbox\Toolboxes\Data Management Tools.tbx\CalculateField" Date="20220808" Time="152112">CalculateField "Tasa de Deserción\Tasa de Deserción Oficial UPZ" H_Octavo "0" VB #</Process><Process ToolSource="c:\program files (x86)\arcgis\desktop10.8\ArcToolbox\Toolboxes\Data Management Tools.tbx\CalculateField" Date="20220808" Time="152118">CalculateField "Tasa de Deserción\Tasa de Deserción Oficial UPZ" M_Septimo "0" VB #</Process><Process ToolSource="c:\program files (x86)\arcgis\desktop10.8\ArcToolbox\Toolboxes\Data Management Tools.tbx\CalculateField" Date="20220808" Time="152122">CalculateField "Tasa de Deserción\Tasa de Deserción Oficial UPZ" H_Septimo "0" VB #</Process><Process ToolSource="c:\program files (x86)\arcgis\desktop10.8\ArcToolbox\Toolboxes\Data Management Tools.tbx\CalculateField" Date="20220808" Time="152127">CalculateField "Tasa de Deserción\Tasa de Deserción Oficial UPZ" M_Sexto "0" VB #</Process><Process ToolSource="c:\program files (x86)\arcgis\desktop10.8\ArcToolbox\Toolboxes\Data Management Tools.tbx\CalculateField" Date="20220808" Time="152131">CalculateField "Tasa de Deserción\Tasa de Deserción Oficial UPZ" H_Sexto "0" VB #</Process><Process ToolSource="c:\program files (x86)\arcgis\desktop10.8\ArcToolbox\Toolboxes\Data Management Tools.tbx\CalculateField" Date="20220808" Time="152136">CalculateField "Tasa de Deserción\Tasa de Deserción Oficial UPZ" H_Quinto "0" VB #</Process><Process ToolSource="c:\program files (x86)\arcgis\desktop10.8\ArcToolbox\Toolboxes\Data Management Tools.tbx\CalculateField" Date="20220808" Time="152140">CalculateField "Tasa de Deserción\Tasa de Deserción Oficial UPZ" M_Cuarto "0" VB #</Process><Process ToolSource="c:\program files (x86)\arcgis\desktop10.8\ArcToolbox\Toolboxes\Data Management Tools.tbx\CalculateField" Date="20220808" Time="152144">CalculateField "Tasa de Deserción\Tasa de Deserción Oficial UPZ" M_Quinto "0" VB #</Process><Process ToolSource="c:\program files (x86)\arcgis\desktop10.8\ArcToolbox\Toolboxes\Data Management Tools.tbx\CalculateField" Date="20220808" Time="152149">CalculateField "Tasa de Deserción\Tasa de Deserción Oficial UPZ" H_Cuarto "0" VB #</Process><Process ToolSource="c:\program files (x86)\arcgis\desktop10.8\ArcToolbox\Toolboxes\Data Management Tools.tbx\CalculateField" Date="20220808" Time="152154">CalculateField "Tasa de Deserción\Tasa de Deserción Oficial UPZ" H_Tercero "0" VB #</Process><Process ToolSource="c:\program files (x86)\arcgis\desktop10.8\ArcToolbox\Toolboxes\Data Management Tools.tbx\CalculateField" Date="20220808" Time="152159">CalculateField "Tasa de Deserción\Tasa de Deserción Oficial UPZ" M_Segundo "0" VB #</Process><Process ToolSource="c:\program files (x86)\arcgis\desktop10.8\ArcToolbox\Toolboxes\Data Management Tools.tbx\CalculateField" Date="20220808" Time="152203">CalculateField "Tasa de Deserción\Tasa de Deserción Oficial UPZ" M_Tercero "0" VB #</Process><Process ToolSource="c:\program files (x86)\arcgis\desktop10.8\ArcToolbox\Toolboxes\Data Management Tools.tbx\CalculateField" Date="20220808" Time="152209">CalculateField "Tasa de Deserción\Tasa de Deserción Oficial UPZ" M_Primero "0" VB #</Process><Process ToolSource="c:\program files (x86)\arcgis\desktop10.8\ArcToolbox\Toolboxes\Data Management Tools.tbx\CalculateField" Date="20220808" Time="152213">CalculateField "Tasa de Deserción\Tasa de Deserción Oficial UPZ" H_Segundo "0" VB #</Process><Process ToolSource="c:\program files (x86)\arcgis\desktop10.6\ArcToolbox\Toolboxes\Data Management Tools.tbx\CalculateField" Date="20220831" Time="121058">CalculateField "Tasa de Deserción\Tasa de Deserción Oficial por UPZ" relacion "[Tmujer_UPZ] / [Thombre_UPZ]" VB #</Process><Process ToolSource="c:\program files (x86)\arcgis\desktop10.6\ArcToolbox\Toolboxes\Conversion Tools.tbx\FeatureClassToFeatureClass" Date="20220831" Time="172847">FeatureClassToFeatureClass D:\Contenedor\Users\dcarvajal\Documents\OPERATIVO\2022\DatosTemáticos\3SED\2-Ajustados\Datos\SED_BDLocal\SED.gdb\Tasas\Tasa_Desercion_Oficial_UPZ D:\Contenedor\Users\dcarvajal\Documents\OPERATIVO\2022\DatosTemáticos\3SED\2-Ajustados\Datos\DatosAbiertos\TasasEscolares12.20\TDesercionOfUPZ\TDesercionOfUPZ TDesercionOfUPZ_12_2020.shp # "H_Trans "Porcentaje de hombres en transición" true true false 8 Double 0 0 ,First,#,D:\Contenedor\Users\dcarvajal\Documents\OPERATIVO\2022\DatosTemáticos\3SED\2-Ajustados\Datos\SED_BDLocal\SED.gdb\Tasas\Tasa_Desercion_Oficial_UPZ,H_Trans,-1,-1;M_Trans "Porcentaje de mujeres en transición" true true false 8 Double 0 0 ,First,#,D:\Contenedor\Users\dcarvajal\Documents\OPERATIVO\2022\DatosTemáticos\3SED\2-Ajustados\Datos\SED_BDLocal\SED.gdb\Tasas\Tasa_Desercion_Oficial_UPZ,M_Trans,-1,-1;H_Primero "Porcentaje de hombres en primero" true true false 8 Double 0 0 ,First,#,D:\Contenedor\Users\dcarvajal\Documents\OPERATIVO\2022\DatosTemáticos\3SED\2-Ajustados\Datos\SED_BDLocal\SED.gdb\Tasas\Tasa_Desercion_Oficial_UPZ,H_Primero,-1,-1;M_Primero "Porcentaje de mujeres en primero" true true false 8 Double 0 0 ,First,#,D:\Contenedor\Users\dcarvajal\Documents\OPERATIVO\2022\DatosTemáticos\3SED\2-Ajustados\Datos\SED_BDLocal\SED.gdb\Tasas\Tasa_Desercion_Oficial_UPZ,M_Primero,-1,-1;H_Segundo "Porcentaje de hombres en segundo" true true false 8 Double 0 0 ,First,#,D:\Contenedor\Users\dcarvajal\Documents\OPERATIVO\2022\DatosTemáticos\3SED\2-Ajustados\Datos\SED_BDLocal\SED.gdb\Tasas\Tasa_Desercion_Oficial_UPZ,H_Segundo,-1,-1;M_Segundo "Porcentaje de mujeres en segundo" true true false 8 Double 0 0 ,First,#,D:\Contenedor\Users\dcarvajal\Documents\OPERATIVO\2022\DatosTemáticos\3SED\2-Ajustados\Datos\SED_BDLocal\SED.gdb\Tasas\Tasa_Desercion_Oficial_UPZ,M_Segundo,-1,-1;H_Tercero "Porcentaje de hombres en tercero" true true false 8 Double 0 0 ,First,#,D:\Contenedor\Users\dcarvajal\Documents\OPERATIVO\2022\DatosTemáticos\3SED\2-Ajustados\Datos\SED_BDLocal\SED.gdb\Tasas\Tasa_Desercion_Oficial_UPZ,H_Tercero,-1,-1;M_Tercero "Porcentaje de mujeres en tercero" true true false 8 Double 0 0 ,First,#,D:\Contenedor\Users\dcarvajal\Documents\OPERATIVO\2022\DatosTemáticos\3SED\2-Ajustados\Datos\SED_BDLocal\SED.gdb\Tasas\Tasa_Desercion_Oficial_UPZ,M_Tercero,-1,-1;H_Cuarto "Porcentaje de hombres en cuarto" true true false 8 Double 0 0 ,First,#,D:\Contenedor\Users\dcarvajal\Documents\OPERATIVO\2022\DatosTemáticos\3SED\2-Ajustados\Datos\SED_BDLocal\SED.gdb\Tasas\Tasa_Desercion_Oficial_UPZ,H_Cuarto,-1,-1;M_Cuarto "Porcentaje de mujeres en cuarto" true true false 8 Double 0 0 ,First,#,D:\Contenedor\Users\dcarvajal\Documents\OPERATIVO\2022\DatosTemáticos\3SED\2-Ajustados\Datos\SED_BDLocal\SED.gdb\Tasas\Tasa_Desercion_Oficial_UPZ,M_Cuarto,-1,-1;H_Quinto "Porcentaje de hombres en quinto" true true false 8 Double 0 0 ,First,#,D:\Contenedor\Users\dcarvajal\Documents\OPERATIVO\2022\DatosTemáticos\3SED\2-Ajustados\Datos\SED_BDLocal\SED.gdb\Tasas\Tasa_Desercion_Oficial_UPZ,H_Quinto,-1,-1;M_Quinto "Porcentaje de mujeres en quinto" true true false 8 Double 0 0 ,First,#,D:\Contenedor\Users\dcarvajal\Documents\OPERATIVO\2022\DatosTemáticos\3SED\2-Ajustados\Datos\SED_BDLocal\SED.gdb\Tasas\Tasa_Desercion_Oficial_UPZ,M_Quinto,-1,-1;H_Sexto "Porcentaje de hombres en sexto" true true false 8 Double 0 0 ,First,#,D:\Contenedor\Users\dcarvajal\Documents\OPERATIVO\2022\DatosTemáticos\3SED\2-Ajustados\Datos\SED_BDLocal\SED.gdb\Tasas\Tasa_Desercion_Oficial_UPZ,H_Sexto,-1,-1;M_Sexto "Porcentaje de mujeres en sexto" true true false 8 Double 0 0 ,First,#,D:\Contenedor\Users\dcarvajal\Documents\OPERATIVO\2022\DatosTemáticos\3SED\2-Ajustados\Datos\SED_BDLocal\SED.gdb\Tasas\Tasa_Desercion_Oficial_UPZ,M_Sexto,-1,-1;H_Septimo "Porcentaje de hombres en séptimo" true true false 8 Double 0 0 ,First,#,D:\Contenedor\Users\dcarvajal\Documents\OPERATIVO\2022\DatosTemáticos\3SED\2-Ajustados\Datos\SED_BDLocal\SED.gdb\Tasas\Tasa_Desercion_Oficial_UPZ,H_Septimo,-1,-1;M_Septimo "Porcentaje de mujeres en séptimo" true true false 8 Double 0 0 ,First,#,D:\Contenedor\Users\dcarvajal\Documents\OPERATIVO\2022\DatosTemáticos\3SED\2-Ajustados\Datos\SED_BDLocal\SED.gdb\Tasas\Tasa_Desercion_Oficial_UPZ,M_Septimo,-1,-1;H_Octavo "Porcentaje de hombres en octavo" true true false 8 Double 0 0 ,First,#,D:\Contenedor\Users\dcarvajal\Documents\OPERATIVO\2022\DatosTemáticos\3SED\2-Ajustados\Datos\SED_BDLocal\SED.gdb\Tasas\Tasa_Desercion_Oficial_UPZ,H_Octavo,-1,-1;M_Octavo "Porcentaje de mujeres en octavo" true true false 8 Double 0 0 ,First,#,D:\Contenedor\Users\dcarvajal\Documents\OPERATIVO\2022\DatosTemáticos\3SED\2-Ajustados\Datos\SED_BDLocal\SED.gdb\Tasas\Tasa_Desercion_Oficial_UPZ,M_Octavo,-1,-1;H_Noveno "Porcentaje de hombres en noveno" true true false 8 Double 0 0 ,First,#,D:\Contenedor\Users\dcarvajal\Documents\OPERATIVO\2022\DatosTemáticos\3SED\2-Ajustados\Datos\SED_BDLocal\SED.gdb\Tasas\Tasa_Desercion_Oficial_UPZ,H_Noveno,-1,-1;M_Noveno "Porcentaje de mujeres en noveno" true true false 8 Double 0 0 ,First,#,D:\Contenedor\Users\dcarvajal\Documents\OPERATIVO\2022\DatosTemáticos\3SED\2-Ajustados\Datos\SED_BDLocal\SED.gdb\Tasas\Tasa_Desercion_Oficial_UPZ,M_Noveno,-1,-1;H_Decimo "Porcentaje de hombres en Decimo" true true false 8 Double 0 0 ,First,#,D:\Contenedor\Users\dcarvajal\Documents\OPERATIVO\2022\DatosTemáticos\3SED\2-Ajustados\Datos\SED_BDLocal\SED.gdb\Tasas\Tasa_Desercion_Oficial_UPZ,H_Decimo,-1,-1;M_Decimo "Porcentaje de mujeres en Decimo" true true false 8 Double 0 0 ,First,#,D:\Contenedor\Users\dcarvajal\Documents\OPERATIVO\2022\DatosTemáticos\3SED\2-Ajustados\Datos\SED_BDLocal\SED.gdb\Tasas\Tasa_Desercion_Oficial_UPZ,M_Decimo,-1,-1;H_Once "Porcentaje de hombres en Once" true true false 8 Double 0 0 ,First,#,D:\Contenedor\Users\dcarvajal\Documents\OPERATIVO\2022\DatosTemáticos\3SED\2-Ajustados\Datos\SED_BDLocal\SED.gdb\Tasas\Tasa_Desercion_Oficial_UPZ,H_Once,-1,-1;M_Once "Porcentaje de mujeres en Once" true true false 8 Double 0 0 ,First,#,D:\Contenedor\Users\dcarvajal\Documents\OPERATIVO\2022\DatosTemáticos\3SED\2-Ajustados\Datos\SED_BDLocal\SED.gdb\Tasas\Tasa_Desercion_Oficial_UPZ,M_Once,-1,-1;H_Acelerac "Porcentaje de hombres en Aceleración" true true false 8 Double 0 0 ,First,#,D:\Contenedor\Users\dcarvajal\Documents\OPERATIVO\2022\DatosTemáticos\3SED\2-Ajustados\Datos\SED_BDLocal\SED.gdb\Tasas\Tasa_Desercion_Oficial_UPZ,H_Acelerac,-1,-1;M_Acelerac "Porcentaje de mujeres en Aceleración" true true false 8 Double 0 0 ,First,#,D:\Contenedor\Users\dcarvajal\Documents\OPERATIVO\2022\DatosTemáticos\3SED\2-Ajustados\Datos\SED_BDLocal\SED.gdb\Tasas\Tasa_Desercion_Oficial_UPZ,M_Acelerac,-1,-1;Thombre_UP "Porcentaje total de hombres UPZ" true true false 8 Double 0 0 ,First,#,D:\Contenedor\Users\dcarvajal\Documents\OPERATIVO\2022\DatosTemáticos\3SED\2-Ajustados\Datos\SED_BDLocal\SED.gdb\Tasas\Tasa_Desercion_Oficial_UPZ,Thombre_UPZ,-1,-1;Tmujer_UPZ "Porcentaje total de mujeres UPZ" true true false 8 Double 0 0 ,First,#,D:\Contenedor\Users\dcarvajal\Documents\OPERATIVO\2022\DatosTemáticos\3SED\2-Ajustados\Datos\SED_BDLocal\SED.gdb\Tasas\Tasa_Desercion_Oficial_UPZ,Tmujer_UPZ,-1,-1;NOMBRE_UPZ "Nombre de la UPZ" true true false 50 Text 0 0 ,First,#,D:\Contenedor\Users\dcarvajal\Documents\OPERATIVO\2022\DatosTemáticos\3SED\2-Ajustados\Datos\SED_BDLocal\SED.gdb\Tasas\Tasa_Desercion_Oficial_UPZ,NOMBRE_UPZ,-1,-1;COD_UPZ "Código UPZ" true true false 50 Text 0 0 ,First,#,D:\Contenedor\Users\dcarvajal\Documents\OPERATIVO\2022\DatosTemáticos\3SED\2-Ajustados\Datos\SED_BDLocal\SED.gdb\Tasas\Tasa_Desercion_Oficial_UPZ,COD_UPZ,-1,-1;Shape_Leng "Shape_Leng" false true true 8 Double 0 0 ,First,#,D:\Contenedor\Users\dcarvajal\Documents\OPERATIVO\2022\DatosTemáticos\3SED\2-Ajustados\Datos\SED_BDLocal\SED.gdb\Tasas\Tasa_Desercion_Oficial_UPZ,Shape_Length,-1,-1;Shape_Area "Shape_Area" false true true 8 Double 0 0 ,First,#,D:\Contenedor\Users\dcarvajal\Documents\OPERATIVO\2022\DatosTemáticos\3SED\2-Ajustados\Datos\SED_BDLocal\SED.gdb\Tasas\Tasa_Desercion_Oficial_UPZ,Shape_Area,-1,-1;relacion "relacion" true true false 8 Double 0 0 ,First,#,D:\Contenedor\Users\dcarvajal\Documents\OPERATIVO\2022\DatosTemáticos\3SED\2-Ajustados\Datos\SED_BDLocal\SED.gdb\Tasas\Tasa_Desercion_Oficial_UPZ,relacion,-1,-1" #</Process></lineage><itemProps><itemName Sync="TRUE">TDesercionOfUPZ_12_2020</itemName><imsContentType Sync="TRUE">002</imsContentType><itemSize Sync="TRUE">0.000</itemSize><itemLocation><linkage Sync="TRUE">file://\\IDECAM710S8EZA\D$\Contenedor\Users\dcarvajal\Documents\OPERATIVO\2022\DatosTemáticos\3SED\2-Ajustados\Datos\DatosAbiertos\TasasEscolares12.20\TDesercionOfUPZ\TDesercionOfUPZ\TDesercionOfUPZ_12_2020.shp</linkage><protocol Sync="TRUE">Local Area Network</protocol></itemLocation></itemProps><coordRef><type Sync="TRUE">Projected</type><geogcsn Sync="TRUE">GCS_WGS_1984</geogcsn><csUnits Sync="TRUE">Linear Unit: Meter (1.000000)</csUnits><peXml Sync="TRUE">&lt;ProjectedCoordinateSystem xsi:type='typens:ProjectedCoordinateSystem' xmlns:xsi='http://www.w3.org/2001/XMLSchema-instance' xmlns:xs='http://www.w3.org/2001/XMLSchema' xmlns:typens='http://www.esri.com/schemas/ArcGIS/10.6'&gt;&lt;WKT&gt;PROJCS[&amp;quot;WGS_1984_Web_Mercator_Auxiliary_Sphere&amp;quot;,GEOGCS[&amp;quot;GCS_WGS_1984&amp;quot;,DATUM[&amp;quot;D_WGS_1984&amp;quot;,SPHEROID[&amp;quot;WGS_1984&amp;quot;,6378137.0,298.257223563]],PRIMEM[&amp;quot;Greenwich&amp;quot;,0.0],UNIT[&amp;quot;Degree&amp;quot;,0.0174532925199433]],PROJECTION[&amp;quot;Mercator_Auxiliary_Sphere&amp;quot;],PARAMETER[&amp;quot;False_Easting&amp;quot;,0.0],PARAMETER[&amp;quot;False_Northing&amp;quot;,0.0],PARAMETER[&amp;quot;Central_Meridian&amp;quot;,0.0],PARAMETER[&amp;quot;Standard_Parallel_1&amp;quot;,0.0],PARAMETER[&amp;quot;Auxiliary_Sphere_Type&amp;quot;,0.0],UNIT[&amp;quot;Meter&amp;quot;,1.0],AUTHORITY[&amp;quot;EPSG&amp;quot;,3857]]&lt;/WKT&gt;&lt;XOrigin&gt;-20037700&lt;/XOrigin&gt;&lt;YOrigin&gt;-30241100&lt;/YOrigin&gt;&lt;XYScale&gt;148923141.92838538&lt;/XYScale&gt;&lt;ZOrigin&gt;-100000&lt;/ZOrigin&gt;&lt;ZScale&gt;10000&lt;/ZScale&gt;&lt;MOrigin&gt;-100000&lt;/MOrigin&gt;&lt;MScale&gt;10000&lt;/MScale&gt;&lt;XYTolerance&gt;0.001&lt;/XYTolerance&gt;&lt;ZTolerance&gt;0.001&lt;/ZTolerance&gt;&lt;MTolerance&gt;0.001&lt;/MTolerance&gt;&lt;HighPrecision&gt;true&lt;/HighPrecision&gt;&lt;WKID&gt;102100&lt;/WKID&gt;&lt;LatestWKID&gt;3857&lt;/LatestWKID&gt;&lt;/ProjectedCoordinateSystem&gt;</peXml><projcsn Sync="TRUE">WGS_1984_Web_Mercator_Auxiliary_Sphere</projcsn></coordRef></DataProperties><SyncDate>20220831</SyncDate><SyncTime>17284600</SyncTime><ModDate>20220831</ModDate><ModTime>17284600</ModTime></Esri><dataIdInfo><envirDesc Sync="TRUE"> Version 6.2 (Build 9200) ; Esri ArcGIS 10.6.1.9270</envirDesc><dataLang><languageCode value="spa" Sync="TRUE"></languageCode><countryCode value="COL" Sync="TRUE"></countryCode></dataLang><idCitation><resTitle Sync="TRUE">TDesercionOfUPZ_12_2020</resTitle><presForm><PresFormCd value="005" Sync="TRUE"></PresFormCd></presForm></idCitation><spatRpType><SpatRepTypCd value="001" Sync="TRUE"></SpatRepTypCd></spatRpType></dataIdInfo><mdLang><languageCode value="spa" Sync="TRUE"></languageCode><countryCode value="COL" Sync="TRUE"></countryCode></mdLang><distInfo><distFormat><formatName Sync="TRUE">Shapefile</formatName></distFormat><distTranOps><transSize Sync="TRUE">0.000</transSize></distTranOps></distInfo><mdHrLv><ScopeCd value="005" Sync="TRUE"></ScopeCd></mdHrLv><mdHrLvName Sync="TRUE">dataset</mdHrLvName><refSysInfo><RefSystem><refSysID><identCode code="3857" Sync="TRUE"></identCode><idCodeSpace Sync="TRUE">EPSG</idCodeSpace><idVersion Sync="TRUE">8.8(9.3.1.2)</idVersion></refSysID></RefSystem></refSysInfo><spatRepInfo><VectSpatRep><geometObjs Name="TDesercionOfUPZ_12_2020"><geoObjTyp><GeoObjTypCd value="002" Sync="TRUE"></GeoObjTypCd></geoObjTyp><geoObjCnt Sync="TRUE">0</geoObjCnt></geometObjs><topLvl><TopoLevCd value="001" Sync="TRUE"></TopoLevCd></topLvl></VectSpatRep></spatRepInfo><spdoinfo><ptvctinf><esriterm Name="TDesercionOfUPZ_12_2020"><efeatyp Sync="TRUE">Simple</efeatyp><efeageom code="4" Sync="TRUE"></efeageom><esritopo Sync="TRUE">FALSE</esritopo><efeacnt Sync="TRUE">0</efeacnt><spindex Sync="TRUE">FALSE</spindex><linrefer Sync="TRUE">FALSE</linrefer></esriterm></ptvctinf></spdoinfo><eainfo><detailed Name="TDesercionOfUPZ_12_2020"><enttyp><enttypl Sync="TRUE">TDesercionOfUPZ_12_2020</enttypl><enttypt Sync="TRUE">Feature Class</enttypt><enttypc Sync="TRUE">0</enttypc></enttyp><attr><attrlabl Sync="TRUE">FID</attrlabl><attalias Sync="TRUE">FID</attalias><attrtype Sync="TRUE">OID</attrtype><attwidth Sync="TRUE">4</attwidth><atprecis Sync="TRUE">0</atprecis><attscale Sync="TRUE">0</attscale><attrdef Sync="TRUE">Internal feature number.</attrdef><attrdefs Sync="TRUE">Esri</attrdefs><attrdomv><udom Sync="TRUE">Sequential unique whole numbers that are automatically generated.</udom></attrdomv></attr><attr><attrlabl Sync="TRUE">Shape</attrlabl><attalias Sync="TRUE">Shape</attalias><attrtype Sync="TRUE">Geometry</attrtype><attwidth Sync="TRUE">0</attwidth><atprecis Sync="TRUE">0</atprecis><attscale Sync="TRUE">0</attscale><attrdef Sync="TRUE">Feature geometry.</attrdef><attrdefs Sync="TRUE">Esri</attrdefs><attrdomv><udom Sync="TRUE">Coordinates defining the features.</udom></attrdomv></attr><attr><attrlabl Sync="TRUE">H_Trans</attrlabl><attalias Sync="TRUE">H_Trans</attalias><attrtype Sync="TRUE">Double</attrtype><attwidth Sync="TRUE">19</attwidth><atprecis Sync="TRUE">0</atprecis><attscale Sync="TRUE">0</attscale></attr><attr><attrlabl Sync="TRUE">M_Trans</attrlabl><attalias Sync="TRUE">M_Trans</attalias><attrtype Sync="TRUE">Double</attrtype><attwidth Sync="TRUE">19</attwidth><atprecis Sync="TRUE">0</atprecis><attscale Sync="TRUE">0</attscale></attr><attr><attrlabl Sync="TRUE">H_Primero</attrlabl><attalias Sync="TRUE">H_Primero</attalias><attrtype Sync="TRUE">Double</attrtype><attwidth Sync="TRUE">19</attwidth><atprecis Sync="TRUE">0</atprecis><attscale Sync="TRUE">0</attscale></attr><attr><attrlabl Sync="TRUE">M_Primero</attrlabl><attalias Sync="TRUE">M_Primero</attalias><attrtype Sync="TRUE">Double</attrtype><attwidth Sync="TRUE">19</attwidth><atprecis Sync="TRUE">0</atprecis><attscale Sync="TRUE">0</attscale></attr><attr><attrlabl Sync="TRUE">H_Segundo</attrlabl><attalias Sync="TRUE">H_Segundo</attalias><attrtype Sync="TRUE">Double</attrtype><attwidth Sync="TRUE">19</attwidth><atprecis Sync="TRUE">0</atprecis><attscale Sync="TRUE">0</attscale></attr><attr><attrlabl Sync="TRUE">M_Segundo</attrlabl><attalias Sync="TRUE">M_Segundo</attalias><attrtype Sync="TRUE">Double</attrtype><attwidth Sync="TRUE">19</attwidth><atprecis Sync="TRUE">0</atprecis><attscale Sync="TRUE">0</attscale></attr><attr><attrlabl Sync="TRUE">H_Tercero</attrlabl><attalias Sync="TRUE">H_Tercero</attalias><attrtype Sync="TRUE">Double</attrtype><attwidth Sync="TRUE">19</attwidth><atprecis Sync="TRUE">0</atprecis><attscale Sync="TRUE">0</attscale></attr><attr><attrlabl Sync="TRUE">M_Tercero</attrlabl><attalias Sync="TRUE">M_Tercero</attalias><attrtype Sync="TRUE">Double</attrtype><attwidth Sync="TRUE">19</attwidth><atprecis Sync="TRUE">0</atprecis><attscale Sync="TRUE">0</attscale></attr><attr><attrlabl Sync="TRUE">H_Cuarto</attrlabl><attalias Sync="TRUE">H_Cuarto</attalias><attrtype Sync="TRUE">Double</attrtype><attwidth Sync="TRUE">19</attwidth><atprecis Sync="TRUE">0</atprecis><attscale Sync="TRUE">0</attscale></attr><attr><attrlabl Sync="TRUE">M_Cuarto</attrlabl><attalias Sync="TRUE">M_Cuarto</attalias><attrtype Sync="TRUE">Double</attrtype><attwidth Sync="TRUE">19</attwidth><atprecis Sync="TRUE">0</atprecis><attscale Sync="TRUE">0</attscale></attr><attr><attrlabl Sync="TRUE">H_Quinto</attrlabl><attalias Sync="TRUE">H_Quinto</attalias><attrtype Sync="TRUE">Double</attrtype><attwidth Sync="TRUE">19</attwidth><atprecis Sync="TRUE">0</atprecis><attscale Sync="TRUE">0</attscale></attr><attr><attrlabl Sync="TRUE">M_Quinto</attrlabl><attalias Sync="TRUE">M_Quinto</attalias><attrtype Sync="TRUE">Double</attrtype><attwidth Sync="TRUE">19</attwidth><atprecis Sync="TRUE">0</atprecis><attscale Sync="TRUE">0</attscale></attr><attr><attrlabl Sync="TRUE">H_Sexto</attrlabl><attalias Sync="TRUE">H_Sexto</attalias><attrtype Sync="TRUE">Double</attrtype><attwidth Sync="TRUE">19</attwidth><atprecis Sync="TRUE">0</atprecis><attscale Sync="TRUE">0</attscale></attr><attr><attrlabl Sync="TRUE">M_Sexto</attrlabl><attalias Sync="TRUE">M_Sexto</attalias><attrtype Sync="TRUE">Double</attrtype><attwidth Sync="TRUE">19</attwidth><atprecis Sync="TRUE">0</atprecis><attscale Sync="TRUE">0</attscale></attr><attr><attrlabl Sync="TRUE">H_Septimo</attrlabl><attalias Sync="TRUE">H_Septimo</attalias><attrtype Sync="TRUE">Double</attrtype><attwidth Sync="TRUE">19</attwidth><atprecis Sync="TRUE">0</atprecis><attscale Sync="TRUE">0</attscale></attr><attr><attrlabl Sync="TRUE">M_Septimo</attrlabl><attalias Sync="TRUE">M_Septimo</attalias><attrtype Sync="TRUE">Double</attrtype><attwidth Sync="TRUE">19</attwidth><atprecis Sync="TRUE">0</atprecis><attscale Sync="TRUE">0</attscale></attr><attr><attrlabl Sync="TRUE">H_Octavo</attrlabl><attalias Sync="TRUE">H_Octavo</attalias><attrtype Sync="TRUE">Double</attrtype><attwidth Sync="TRUE">19</attwidth><atprecis Sync="TRUE">0</atprecis><attscale Sync="TRUE">0</attscale></attr><attr><attrlabl Sync="TRUE">M_Octavo</attrlabl><attalias Sync="TRUE">M_Octavo</attalias><attrtype Sync="TRUE">Double</attrtype><attwidth Sync="TRUE">19</attwidth><atprecis Sync="TRUE">0</atprecis><attscale Sync="TRUE">0</attscale></attr><attr><attrlabl Sync="TRUE">H_Noveno</attrlabl><attalias Sync="TRUE">H_Noveno</attalias><attrtype Sync="TRUE">Double</attrtype><attwidth Sync="TRUE">19</attwidth><atprecis Sync="TRUE">0</atprecis><attscale Sync="TRUE">0</attscale></attr><attr><attrlabl Sync="TRUE">M_Noveno</attrlabl><attalias Sync="TRUE">M_Noveno</attalias><attrtype Sync="TRUE">Double</attrtype><attwidth Sync="TRUE">19</attwidth><atprecis Sync="TRUE">0</atprecis><attscale Sync="TRUE">0</attscale></attr><attr><attrlabl Sync="TRUE">H_Decimo</attrlabl><attalias Sync="TRUE">H_Decimo</attalias><attrtype Sync="TRUE">Double</attrtype><attwidth Sync="TRUE">19</attwidth><atprecis Sync="TRUE">0</atprecis><attscale Sync="TRUE">0</attscale></attr><attr><attrlabl Sync="TRUE">M_Decimo</attrlabl><attalias Sync="TRUE">M_Decimo</attalias><attrtype Sync="TRUE">Double</attrtype><attwidth Sync="TRUE">19</attwidth><atprecis Sync="TRUE">0</atprecis><attscale Sync="TRUE">0</attscale></attr><attr><attrlabl Sync="TRUE">H_Once</attrlabl><attalias Sync="TRUE">H_Once</attalias><attrtype Sync="TRUE">Double</attrtype><attwidth Sync="TRUE">19</attwidth><atprecis Sync="TRUE">0</atprecis><attscale Sync="TRUE">0</attscale></attr><attr><attrlabl Sync="TRUE">M_Once</attrlabl><attalias Sync="TRUE">M_Once</attalias><attrtype Sync="TRUE">Double</attrtype><attwidth Sync="TRUE">19</attwidth><atprecis Sync="TRUE">0</atprecis><attscale Sync="TRUE">0</attscale></attr><attr><attrlabl Sync="TRUE">H_Acelerac</attrlabl><attalias Sync="TRUE">H_Acelerac</attalias><attrtype Sync="TRUE">Double</attrtype><attwidth Sync="TRUE">19</attwidth><atprecis Sync="TRUE">0</atprecis><attscale Sync="TRUE">0</attscale></attr><attr><attrlabl Sync="TRUE">M_Acelerac</attrlabl><attalias Sync="TRUE">M_Acelerac</attalias><attrtype Sync="TRUE">Double</attrtype><attwidth Sync="TRUE">19</attwidth><atprecis Sync="TRUE">0</atprecis><attscale Sync="TRUE">0</attscale></attr><attr><attrlabl Sync="TRUE">Thombre_UP</attrlabl><attalias Sync="TRUE">Thombre_UP</attalias><attrtype Sync="TRUE">Double</attrtype><attwidth Sync="TRUE">19</attwidth><atprecis Sync="TRUE">0</atprecis><attscale Sync="TRUE">0</attscale></attr><attr><attrlabl Sync="TRUE">Tmujer_UPZ</attrlabl><attalias Sync="TRUE">Tmujer_UPZ</attalias><attrtype Sync="TRUE">Double</attrtype><attwidth Sync="TRUE">19</attwidth><atprecis Sync="TRUE">0</atprecis><attscale Sync="TRUE">0</attscale></attr><attr><attrlabl Sync="TRUE">NOMBRE_UPZ</attrlabl><attalias Sync="TRUE">NOMBRE_UPZ</attalias><attrtype Sync="TRUE">String</attrtype><attwidth Sync="TRUE">50</attwidth><atprecis Sync="TRUE">0</atprecis><attscale Sync="TRUE">0</attscale></attr><attr><attrlabl Sync="TRUE">COD_UPZ</attrlabl><attalias Sync="TRUE">COD_UPZ</attalias><attrtype Sync="TRUE">String</attrtype><attwidth Sync="TRUE">50</attwidth><atprecis Sync="TRUE">0</atprecis><attscale Sync="TRUE">0</attscale></attr><attr><attrlabl Sync="TRUE">Shape_Leng</attrlabl><attalias Sync="TRUE">Shape_Leng</attalias><attrtype Sync="TRUE">Double</attrtype><attwidth Sync="TRUE">19</attwidth><atprecis Sync="TRUE">0</atprecis><attscale Sync="TRUE">0</attscale></attr><attr><attrlabl Sync="TRUE">SHAPE_Area</attrlabl><attalias Sync="TRUE">Shape_Area</attalias><attrtype Sync="TRUE">Double</attrtype><attwidth Sync="TRUE">19</attwidth><atprecis Sync="TRUE">0</atprecis><attscale Sync="TRUE">0</attscale><attrdef Sync="TRUE">Area of feature in internal units squared.</attrdef><attrdefs Sync="TRUE">Esri</attrdefs><attrdomv><udom Sync="TRUE">Positive real numbers that are automatically generated.</udom></attrdomv></attr><attr><attrlabl Sync="TRUE">relacion</attrlabl><attalias Sync="TRUE">relacion</attalias><attrtype Sync="TRUE">Double</attrtype><attwidth Sync="TRUE">19</attwidth><atprecis Sync="TRUE">0</atprecis><attscale Sync="TRUE">0</attscale></attr></detailed></eainfo><mdDateSt Sync="TRUE">20220831</mdDateSt></metadata>
